<TextureAtlas imagePath="sprites.png">
	<SubTexture name="ball_basket1.png" x="195" y="83" width="18" height="18"/>
	<SubTexture name="ball_basket2.png" x="179" y="65" width="18" height="18"/>
	<SubTexture name="ball_basket3.png" x="189" y="165" width="18" height="18"/>
	<SubTexture name="ball_basket4.png" x="189" y="183" width="18" height="18"/>
	<SubTexture name="ball_bowling1.png" x="189" y="147" width="18" height="18"/>
	<SubTexture name="ball_bowling2.png" x="197" y="65" width="18" height="18"/>
	<SubTexture name="ball_bowling3.png" x="195" y="119" width="18" height="18"/>
	<SubTexture name="ball_football.png" x="207" y="173" width="14" height="16"/>
	<SubTexture name="ball_generic1.png" x="198" y="0" width="18" height="18"/>
	<SubTexture name="ball_generic2.png" x="195" y="137" width="10" height="10"/>
	<SubTexture name="ball_golf.png" x="29" y="209" width="8" height="8"/>
	<SubTexture name="ball_puck.png" x="21" y="209" width="8" height="8"/>
	<SubTexture name="ball_soccer1.png" x="198" y="18" width="18" height="18"/>
	<SubTexture name="ball_soccer2.png" x="198" y="36" width="18" height="18"/>
	<SubTexture name="ball_soccer3.png" x="207" y="137" width="18" height="18"/>
	<SubTexture name="ball_soccer4.png" x="207" y="155" width="18" height="18"/>
	<SubTexture name="ball_tennis1.png" x="50" y="155" width="12" height="12"/>
	<SubTexture name="ball_tennis2.png" x="207" y="189" width="12" height="12"/>
	<SubTexture name="ball_volley1.png" x="192" y="201" width="18" height="18"/>
	<SubTexture name="ball_volley2.png" x="195" y="101" width="18" height="18"/>
	<SubTexture name="bat_handle.png" x="0" y="148" width="29" height="8"/>
	<SubTexture name="bat_metal.png" x="0" y="124" width="29" height="8"/>
	<SubTexture name="bat_wood.png" x="0" y="140" width="29" height="8"/>
	<SubTexture name="boxing_glove.png" x="32" y="93" width="15" height="14"/>
	<SubTexture name="card_red.png" x="210" y="201" width="12" height="12"/>
	<SubTexture name="card_white.png" x="210" y="213" width="12" height="12"/>
	<SubTexture name="card_yellow.png" x="213" y="83" width="11" height="12"/>
	<SubTexture name="characterBlue (1).png" x="137" y="31" width="21" height="31"/>
	<SubTexture name="characterBlue (10).png" x="71" y="93" width="21" height="31"/>
	<SubTexture name="characterBlue (11).png" x="42" y="201" width="19" height="13"/>
	<SubTexture name="characterBlue (12).png" x="116" y="217" width="19" height="13"/>
	<SubTexture name="characterBlue (13).png" x="135" y="217" width="19" height="13"/>
	<SubTexture name="characterBlue (14).png" x="154" y="217" width="19" height="13"/>
	<SubTexture name="characterBlue (2).png" x="63" y="186" width="21" height="31"/>
	<SubTexture name="characterBlue (3).png" x="116" y="31" width="21" height="31"/>
	<SubTexture name="characterBlue (4).png" x="116" y="0" width="21" height="31"/>
	<SubTexture name="characterBlue (5).png" x="113" y="124" width="21" height="31"/>
	<SubTexture name="characterBlue (6).png" x="113" y="93" width="21" height="31"/>
	<SubTexture name="characterBlue (7).png" x="105" y="186" width="21" height="31"/>
	<SubTexture name="characterBlue (8).png" x="105" y="155" width="21" height="31"/>
	<SubTexture name="characterBlue (9).png" x="95" y="62" width="21" height="31"/>
	<SubTexture name="characterGreen (1).png" x="137" y="62" width="21" height="31"/>
	<SubTexture name="characterGreen (10).png" x="29" y="139" width="21" height="31"/>
	<SubTexture name="characterGreen (11).png" x="179" y="0" width="19" height="13"/>
	<SubTexture name="characterGreen (12).png" x="176" y="112" width="19" height="13"/>
	<SubTexture name="characterGreen (13).png" x="173" y="217" width="19" height="13"/>
	<SubTexture name="characterGreen (14).png" x="78" y="217" width="19" height="13"/>
	<SubTexture name="characterGreen (2).png" x="155" y="124" width="21" height="31"/>
	<SubTexture name="characterGreen (3).png" x="32" y="62" width="21" height="31"/>
	<SubTexture name="characterGreen (4).png" x="42" y="170" width="21" height="31"/>
	<SubTexture name="characterGreen (5).png" x="50" y="93" width="21" height="31"/>
	<SubTexture name="characterGreen (6).png" x="50" y="124" width="21" height="31"/>
	<SubTexture name="characterGreen (7).png" x="53" y="0" width="21" height="31"/>
	<SubTexture name="characterGreen (8).png" x="53" y="31" width="21" height="31"/>
	<SubTexture name="characterGreen (9).png" x="53" y="62" width="21" height="31"/>
	<SubTexture name="characterRed (1).png" x="63" y="155" width="21" height="31"/>
	<SubTexture name="characterRed (10).png" x="74" y="0" width="21" height="31"/>
	<SubTexture name="characterRed (11).png" x="179" y="39" width="19" height="13"/>
	<SubTexture name="characterRed (12).png" x="179" y="13" width="19" height="13"/>
	<SubTexture name="characterRed (13).png" x="179" y="52" width="19" height="13"/>
	<SubTexture name="characterRed (14).png" x="179" y="26" width="19" height="13"/>
	<SubTexture name="characterRed (2).png" x="74" y="31" width="21" height="31"/>
	<SubTexture name="characterRed (3).png" x="74" y="62" width="21" height="31"/>
	<SubTexture name="characterRed (4).png" x="84" y="155" width="21" height="31"/>
	<SubTexture name="characterRed (5).png" x="84" y="186" width="21" height="31"/>
	<SubTexture name="characterRed (6).png" x="92" y="93" width="21" height="31"/>
	<SubTexture name="characterRed (7).png" x="92" y="124" width="21" height="31"/>
	<SubTexture name="characterRed (8).png" x="95" y="0" width="21" height="31"/>
	<SubTexture name="characterRed (9).png" x="95" y="31" width="21" height="31"/>
	<SubTexture name="characterSpecial (1).png" x="126" y="186" width="21" height="31"/>
	<SubTexture name="characterSpecial (10).png" x="158" y="62" width="21" height="31"/>
	<SubTexture name="characterSpecial (11).png" x="176" y="136" width="19" height="11"/>
	<SubTexture name="characterSpecial (12).png" x="176" y="125" width="19" height="11"/>
	<SubTexture name="characterSpecial (2).png" x="116" y="62" width="21" height="31"/>
	<SubTexture name="characterSpecial (3).png" x="137" y="0" width="21" height="31"/>
	<SubTexture name="characterSpecial (4).png" x="71" y="124" width="21" height="31"/>
	<SubTexture name="characterSpecial (5).png" x="126" y="155" width="21" height="31"/>
	<SubTexture name="characterSpecial (6).png" x="134" y="93" width="21" height="31"/>
	<SubTexture name="characterSpecial (7).png" x="134" y="124" width="21" height="31"/>
	<SubTexture name="characterSpecial (8).png" x="158" y="31" width="21" height="31"/>
	<SubTexture name="characterSpecial (9).png" x="158" y="0" width="21" height="31"/>
	<SubTexture name="characterWhite (1).png" x="168" y="155" width="21" height="31"/>
	<SubTexture name="characterWhite (10).png" x="168" y="186" width="21" height="31"/>
	<SubTexture name="characterWhite (11).png" x="40" y="217" width="19" height="13"/>
	<SubTexture name="characterWhite (12).png" x="97" y="217" width="19" height="13"/>
	<SubTexture name="characterWhite (13).png" x="59" y="217" width="19" height="13"/>
	<SubTexture name="characterWhite (14).png" x="21" y="217" width="19" height="13"/>
	<SubTexture name="characterWhite (2).png" x="21" y="178" width="21" height="31"/>
	<SubTexture name="characterWhite (3).png" x="32" y="31" width="21" height="31"/>
	<SubTexture name="characterWhite (4).png" x="32" y="0" width="21" height="31"/>
	<SubTexture name="characterWhite (5).png" x="29" y="108" width="21" height="31"/>
	<SubTexture name="characterWhite (6).png" x="155" y="93" width="21" height="31"/>
	<SubTexture name="characterWhite (7).png" x="147" y="186" width="21" height="31"/>
	<SubTexture name="characterWhite (8).png" x="147" y="155" width="21" height="31"/>
	<SubTexture name="characterWhite (9).png" x="0" y="197" width="21" height="31"/>
	<SubTexture name="flag_black.png" x="0" y="54" width="32" height="27"/>
	<SubTexture name="flag_checkered.png" x="0" y="0" width="32" height="27"/>
	<SubTexture name="flag_green.png" x="0" y="27" width="32" height="27"/>
	<SubTexture name="flag_white.png" x="0" y="81" width="32" height="27"/>
	<SubTexture name="golf_club.png" x="179" y="83" width="11" height="10"/>
	<SubTexture name="helmet_white1.png" x="176" y="93" width="19" height="19"/>
	<SubTexture name="helmet_white2.png" x="0" y="178" width="21" height="19"/>
	<SubTexture name="helmet_white3.png" x="0" y="156" width="26" height="22"/>
	<SubTexture name="racket_handle.png" x="0" y="108" width="29" height="8"/>
	<SubTexture name="racket_metal.png" x="0" y="116" width="29" height="8"/>
	<SubTexture name="racket_wood.png" x="0" y="132" width="29" height="8"/>
</TextureAtlas>